query_identity,query_image,candidate_identity,reference_image,reference_path,best_similarity
UNKNOWN,UNKNOWN,black_mug_01,IMG_9159.jpg,/content/drive/MyDrive/Project_AUTO_ReID/references/black_mug_01/IMG_9159.jpg,0.5326175689697266
UNKNOWN,UNKNOWN,black_mug_01,IMG_9160.jpg,/content/drive/MyDrive/Project_AUTO_ReID/references/black_mug_01/IMG_9160.jpg,0.47534483671188354
UNKNOWN,UNKNOWN,white_mug_01,IMG_9182.jpg,/content/drive/MyDrive/Project_AUTO_ReID/references/white_mug_01/IMG_9182.jpg,0.44207054376602173
UNKNOWN,UNKNOWN,white_mug_01,IMG_9185.jpg,/content/drive/MyDrive/Project_AUTO_ReID/references/white_mug_01/IMG_9185.jpg,0.41281402111053467
UNKNOWN,UNKNOWN,white_mug_01,IMG_9183.jpg,/content/drive/MyDrive/Project_AUTO_ReID/references/white_mug_01/IMG_9183.jpg,0.4043947756290436
UNKNOWN,UNKNOWN,black_mug_01,IMG_9158.jpg,/content/drive/MyDrive/Project_AUTO_ReID/references/black_mug_01/IMG_9158.jpg,0.3349314332008362
UNKNOWN,UNKNOWN,white_mug_01,IMG_9184.jpg,/content/drive/MyDrive/Project_AUTO_ReID/references/white_mug_01/IMG_9184.jpg,0.2904077470302582
UNKNOWN,UNKNOWN,white_headphone_01,IMG_9170.jpg,/content/drive/MyDrive/Project_AUTO_ReID/references/white_headphone_01/IMG_9170.jpg,0.10781477391719818
UNKNOWN,UNKNOWN,white_headphone_01,IMG_9172.jpg,/content/drive/MyDrive/Project_AUTO_ReID/references/white_headphone_01/IMG_9172.jpg,0.1074502170085907
UNKNOWN,UNKNOWN,book_01,IMG_9179.jpg,/content/drive/MyDrive/Project_AUTO_ReID/references/book_01/IMG_9179.jpg,0.10708929598331451
UNKNOWN,UNKNOWN,white_headphone_01,IMG_9171.jpg,/content/drive/MyDrive/Project_AUTO_ReID/references/white_headphone_01/IMG_9171.jpg,0.0900818258523941
UNKNOWN,UNKNOWN,white_headphone_01,IMG_9173.jpg,/content/drive/MyDrive/Project_AUTO_ReID/references/white_headphone_01/IMG_9173.jpg,0.07114126533269882
UNKNOWN,UNKNOWN,book_01,IMG_9177.jpg,/content/drive/MyDrive/Project_AUTO_ReID/references/book_01/IMG_9177.jpg,0.047412995249032974
UNKNOWN,UNKNOWN,book_01,IMG_9178.jpg,/content/drive/MyDrive/Project_AUTO_ReID/references/book_01/IMG_9178.jpg,0.040971942245960236
UNKNOWN,UNKNOWN,black_mug_01,IMG_9161.jpg,/content/drive/MyDrive/Project_AUTO_ReID/references/black_mug_01/IMG_9161.jpg,0.03278785198926926
UNKNOWN,UNKNOWN,book_01,IMG_9176.jpg,/content/drive/MyDrive/Project_AUTO_ReID/references/book_01/IMG_9176.jpg,0.010184315033257008
UNKNOWN,UNKNOWN,black_mug_01,IMG_9159.jpg,/content/drive/MyDrive/Project_AUTO_ReID/references/black_mug_01/IMG_9159.jpg,0.21689732372760773
UNKNOWN,UNKNOWN,black_mug_01,IMG_9160.jpg,/content/drive/MyDrive/Project_AUTO_ReID/references/black_mug_01/IMG_9160.jpg,0.207422137260437
UNKNOWN,UNKNOWN,white_mug_01,IMG_9184.jpg,/content/drive/MyDrive/Project_AUTO_ReID/references/white_mug_01/IMG_9184.jpg,0.17735014855861664
UNKNOWN,UNKNOWN,white_mug_01,IMG_9185.jpg,/content/drive/MyDrive/Project_AUTO_ReID/references/white_mug_01/IMG_9185.jpg,0.17046160995960236
UNKNOWN,UNKNOWN,white_mug_01,IMG_9182.jpg,/content/drive/MyDrive/Project_AUTO_ReID/references/white_mug_01/IMG_9182.jpg,0.14972667396068573
UNKNOWN,UNKNOWN,white_mug_01,IMG_9183.jpg,/content/drive/MyDrive/Project_AUTO_ReID/references/white_mug_01/IMG_9183.jpg,0.13099847733974457
UNKNOWN,UNKNOWN,black_mug_01,IMG_9158.jpg,/content/drive/MyDrive/Project_AUTO_ReID/references/black_mug_01/IMG_9158.jpg,0.13078606128692627
UNKNOWN,UNKNOWN,white_headphone_01,IMG_9170.jpg,/content/drive/MyDrive/Project_AUTO_ReID/references/white_headphone_01/IMG_9170.jpg,0.07002333551645279
UNKNOWN,UNKNOWN,book_01,IMG_9179.jpg,/content/drive/MyDrive/Project_AUTO_ReID/references/book_01/IMG_9179.jpg,0.06175217404961586
UNKNOWN,UNKNOWN,white_headphone_01,IMG_9171.jpg,/content/drive/MyDrive/Project_AUTO_ReID/references/white_headphone_01/IMG_9171.jpg,0.0486983098089695
UNKNOWN,UNKNOWN,white_headphone_01,IMG_9173.jpg,/content/drive/MyDrive/Project_AUTO_ReID/references/white_headphone_01/IMG_9173.jpg,0.037599798291921616
UNKNOWN,UNKNOWN,white_headphone_01,IMG_9172.jpg,/content/drive/MyDrive/Project_AUTO_ReID/references/white_headphone_01/IMG_9172.jpg,0.034160226583480835
UNKNOWN,UNKNOWN,book_01,IMG_9178.jpg,/content/drive/MyDrive/Project_AUTO_ReID/references/book_01/IMG_9178.jpg,0.029948575422167778
UNKNOWN,UNKNOWN,book_01,IMG_9176.jpg,/content/drive/MyDrive/Project_AUTO_ReID/references/book_01/IMG_9176.jpg,0.02327885292470455
UNKNOWN,UNKNOWN,book_01,IMG_9177.jpg,/content/drive/MyDrive/Project_AUTO_ReID/references/book_01/IMG_9177.jpg,-0.00021746288985013962
UNKNOWN,UNKNOWN,black_mug_01,IMG_9161.jpg,/content/drive/MyDrive/Project_AUTO_ReID/references/black_mug_01/IMG_9161.jpg,-0.01778816618025303
UNKNOWN,UNKNOWN,book_01,IMG_9179.jpg,/content/drive/MyDrive/Project_AUTO_ReID/references/book_01/IMG_9179.jpg,0.5141787528991699
UNKNOWN,UNKNOWN,book_01,IMG_9178.jpg,/content/drive/MyDrive/Project_AUTO_ReID/references/book_01/IMG_9178.jpg,0.46690064668655396
UNKNOWN,UNKNOWN,book_01,IMG_9176.jpg,/content/drive/MyDrive/Project_AUTO_ReID/references/book_01/IMG_9176.jpg,0.28048229217529297
UNKNOWN,UNKNOWN,book_01,IMG_9177.jpg,/content/drive/MyDrive/Project_AUTO_ReID/references/book_01/IMG_9177.jpg,0.25255775451660156
UNKNOWN,UNKNOWN,white_mug_01,IMG_9185.jpg,/content/drive/MyDrive/Project_AUTO_ReID/references/white_mug_01/IMG_9185.jpg,0.18358945846557617
UNKNOWN,UNKNOWN,white_headphone_01,IMG_9172.jpg,/content/drive/MyDrive/Project_AUTO_ReID/references/white_headphone_01/IMG_9172.jpg,0.153743177652359
UNKNOWN,UNKNOWN,white_headphone_01,IMG_9173.jpg,/content/drive/MyDrive/Project_AUTO_ReID/references/white_headphone_01/IMG_9173.jpg,0.1411745548248291
UNKNOWN,UNKNOWN,white_mug_01,IMG_9182.jpg,/content/drive/MyDrive/Project_AUTO_ReID/references/white_mug_01/IMG_9182.jpg,0.1326037347316742
UNKNOWN,UNKNOWN,black_mug_01,IMG_9158.jpg,/content/drive/MyDrive/Project_AUTO_ReID/references/black_mug_01/IMG_9158.jpg,0.12499604374170303
UNKNOWN,UNKNOWN,black_mug_01,IMG_9161.jpg,/content/drive/MyDrive/Project_AUTO_ReID/references/black_mug_01/IMG_9161.jpg,0.10054847598075867
UNKNOWN,UNKNOWN,black_mug_01,IMG_9160.jpg,/content/drive/MyDrive/Project_AUTO_ReID/references/black_mug_01/IMG_9160.jpg,0.0933162197470665
UNKNOWN,UNKNOWN,black_mug_01,IMG_9159.jpg,/content/drive/MyDrive/Project_AUTO_ReID/references/black_mug_01/IMG_9159.jpg,0.08946214616298676
UNKNOWN,UNKNOWN,white_mug_01,IMG_9184.jpg,/content/drive/MyDrive/Project_AUTO_ReID/references/white_mug_01/IMG_9184.jpg,0.07494204491376877
UNKNOWN,UNKNOWN,white_mug_01,IMG_9183.jpg,/content/drive/MyDrive/Project_AUTO_ReID/references/white_mug_01/IMG_9183.jpg,0.06512413173913956
UNKNOWN,UNKNOWN,white_headphone_01,IMG_9170.jpg,/content/drive/MyDrive/Project_AUTO_ReID/references/white_headphone_01/IMG_9170.jpg,0.019473277032375336
UNKNOWN,UNKNOWN,white_headphone_01,IMG_9171.jpg,/content/drive/MyDrive/Project_AUTO_ReID/references/white_headphone_01/IMG_9171.jpg,0.015260129235684872
UNKNOWN,UNKNOWN,book_01,IMG_9179.jpg,/content/drive/MyDrive/Project_AUTO_ReID/references/book_01/IMG_9179.jpg,0.767212986946106
UNKNOWN,UNKNOWN,book_01,IMG_9178.jpg,/content/drive/MyDrive/Project_AUTO_ReID/references/book_01/IMG_9178.jpg,0.32416266202926636
UNKNOWN,UNKNOWN,book_01,IMG_9177.jpg,/content/drive/MyDrive/Project_AUTO_ReID/references/book_01/IMG_9177.jpg,0.3113176226615906
UNKNOWN,UNKNOWN,white_mug_01,IMG_9185.jpg,/content/drive/MyDrive/Project_AUTO_ReID/references/white_mug_01/IMG_9185.jpg,0.2838200330734253
UNKNOWN,UNKNOWN,white_headphone_01,IMG_9173.jpg,/content/drive/MyDrive/Project_AUTO_ReID/references/white_headphone_01/IMG_9173.jpg,0.2569591701030731
UNKNOWN,UNKNOWN,book_01,IMG_9176.jpg,/content/drive/MyDrive/Project_AUTO_ReID/references/book_01/IMG_9176.jpg,0.25622105598449707
UNKNOWN,UNKNOWN,white_mug_01,IMG_9182.jpg,/content/drive/MyDrive/Project_AUTO_ReID/references/white_mug_01/IMG_9182.jpg,0.17917568981647491
UNKNOWN,UNKNOWN,black_mug_01,IMG_9158.jpg,/content/drive/MyDrive/Project_AUTO_ReID/references/black_mug_01/IMG_9158.jpg,0.1518644094467163
UNKNOWN,UNKNOWN,black_mug_01,IMG_9161.jpg,/content/drive/MyDrive/Project_AUTO_ReID/references/black_mug_01/IMG_9161.jpg,0.11692170798778534
UNKNOWN,UNKNOWN,white_mug_01,IMG_9183.jpg,/content/drive/MyDrive/Project_AUTO_ReID/references/white_mug_01/IMG_9183.jpg,0.09816307574510574
UNKNOWN,UNKNOWN,white_headphone_01,IMG_9172.jpg,/content/drive/MyDrive/Project_AUTO_ReID/references/white_headphone_01/IMG_9172.jpg,0.09584630280733109
UNKNOWN,UNKNOWN,black_mug_01,IMG_9160.jpg,/content/drive/MyDrive/Project_AUTO_ReID/references/black_mug_01/IMG_9160.jpg,0.07674330472946167
UNKNOWN,UNKNOWN,white_mug_01,IMG_9184.jpg,/content/drive/MyDrive/Project_AUTO_ReID/references/white_mug_01/IMG_9184.jpg,0.06584502011537552
UNKNOWN,UNKNOWN,white_headphone_01,IMG_9171.jpg,/content/drive/MyDrive/Project_AUTO_ReID/references/white_headphone_01/IMG_9171.jpg,0.06037219986319542
UNKNOWN,UNKNOWN,black_mug_01,IMG_9159.jpg,/content/drive/MyDrive/Project_AUTO_ReID/references/black_mug_01/IMG_9159.jpg,0.05784329026937485
UNKNOWN,UNKNOWN,white_headphone_01,IMG_9170.jpg,/content/drive/MyDrive/Project_AUTO_ReID/references/white_headphone_01/IMG_9170.jpg,0.05589328706264496
UNKNOWN,UNKNOWN,book_01,IMG_9179.jpg,/content/drive/MyDrive/Project_AUTO_ReID/references/book_01/IMG_9179.jpg,0.25623661279678345
UNKNOWN,UNKNOWN,book_01,IMG_9178.jpg,/content/drive/MyDrive/Project_AUTO_ReID/references/book_01/IMG_9178.jpg,0.24337118864059448
UNKNOWN,UNKNOWN,book_01,IMG_9177.jpg,/content/drive/MyDrive/Project_AUTO_ReID/references/book_01/IMG_9177.jpg,0.18077804148197174
UNKNOWN,UNKNOWN,white_mug_01,IMG_9183.jpg,/content/drive/MyDrive/Project_AUTO_ReID/references/white_mug_01/IMG_9183.jpg,0.09550806134939194
UNKNOWN,UNKNOWN,white_mug_01,IMG_9182.jpg,/content/drive/MyDrive/Project_AUTO_ReID/references/white_mug_01/IMG_9182.jpg,0.09505488723516464
UNKNOWN,UNKNOWN,black_mug_01,IMG_9160.jpg,/content/drive/MyDrive/Project_AUTO_ReID/references/black_mug_01/IMG_9160.jpg,0.09091842174530029
UNKNOWN,UNKNOWN,white_mug_01,IMG_9185.jpg,/content/drive/MyDrive/Project_AUTO_ReID/references/white_mug_01/IMG_9185.jpg,0.08412343263626099
UNKNOWN,UNKNOWN,black_mug_01,IMG_9161.jpg,/content/drive/MyDrive/Project_AUTO_ReID/references/black_mug_01/IMG_9161.jpg,0.0715445801615715
UNKNOWN,UNKNOWN,black_mug_01,IMG_9158.jpg,/content/drive/MyDrive/Project_AUTO_ReID/references/black_mug_01/IMG_9158.jpg,0.07020813971757889
UNKNOWN,UNKNOWN,white_headphone_01,IMG_9172.jpg,/content/drive/MyDrive/Project_AUTO_ReID/references/white_headphone_01/IMG_9172.jpg,0.06479141116142273
UNKNOWN,UNKNOWN,white_headphone_01,IMG_9171.jpg,/content/drive/MyDrive/Project_AUTO_ReID/references/white_headphone_01/IMG_9171.jpg,0.06473273783922195
UNKNOWN,UNKNOWN,white_mug_01,IMG_9184.jpg,/content/drive/MyDrive/Project_AUTO_ReID/references/white_mug_01/IMG_9184.jpg,0.0634949579834938
UNKNOWN,UNKNOWN,black_mug_01,IMG_9159.jpg,/content/drive/MyDrive/Project_AUTO_ReID/references/black_mug_01/IMG_9159.jpg,0.05644196644425392
UNKNOWN,UNKNOWN,white_headphone_01,IMG_9173.jpg,/content/drive/MyDrive/Project_AUTO_ReID/references/white_headphone_01/IMG_9173.jpg,0.050989363342523575
UNKNOWN,UNKNOWN,white_headphone_01,IMG_9170.jpg,/content/drive/MyDrive/Project_AUTO_ReID/references/white_headphone_01/IMG_9170.jpg,0.04239733889698982
UNKNOWN,UNKNOWN,book_01,IMG_9176.jpg,/content/drive/MyDrive/Project_AUTO_ReID/references/book_01/IMG_9176.jpg,0.037467002868652344
UNKNOWN,UNKNOWN,book_01,IMG_9177.jpg,/content/drive/MyDrive/Project_AUTO_ReID/references/book_01/IMG_9177.jpg,0.5184468626976013
UNKNOWN,UNKNOWN,book_01,IMG_9178.jpg,/content/drive/MyDrive/Project_AUTO_ReID/references/book_01/IMG_9178.jpg,0.38299715518951416
UNKNOWN,UNKNOWN,black_mug_01,IMG_9161.jpg,/content/drive/MyDrive/Project_AUTO_ReID/references/black_mug_01/IMG_9161.jpg,0.24355381727218628
UNKNOWN,UNKNOWN,white_headphone_01,IMG_9172.jpg,/content/drive/MyDrive/Project_AUTO_ReID/references/white_headphone_01/IMG_9172.jpg,0.21885499358177185
UNKNOWN,UNKNOWN,white_headphone_01,IMG_9173.jpg,/content/drive/MyDrive/Project_AUTO_ReID/references/white_headphone_01/IMG_9173.jpg,0.21384748816490173
UNKNOWN,UNKNOWN,white_mug_01,IMG_9185.jpg,/content/drive/MyDrive/Project_AUTO_ReID/references/white_mug_01/IMG_9185.jpg,0.19633574783802032
UNKNOWN,UNKNOWN,white_mug_01,IMG_9182.jpg,/content/drive/MyDrive/Project_AUTO_ReID/references/white_mug_01/IMG_9182.jpg,0.1734628826379776
UNKNOWN,UNKNOWN,black_mug_01,IMG_9158.jpg,/content/drive/MyDrive/Project_AUTO_ReID/references/black_mug_01/IMG_9158.jpg,0.15455617010593414
UNKNOWN,UNKNOWN,white_mug_01,IMG_9183.jpg,/content/drive/MyDrive/Project_AUTO_ReID/references/white_mug_01/IMG_9183.jpg,0.1476747840642929
UNKNOWN,UNKNOWN,white_headphone_01,IMG_9171.jpg,/content/drive/MyDrive/Project_AUTO_ReID/references/white_headphone_01/IMG_9171.jpg,0.13657689094543457
UNKNOWN,UNKNOWN,black_mug_01,IMG_9159.jpg,/content/drive/MyDrive/Project_AUTO_ReID/references/black_mug_01/IMG_9159.jpg,0.12417153269052505
UNKNOWN,UNKNOWN,black_mug_01,IMG_9160.jpg,/content/drive/MyDrive/Project_AUTO_ReID/references/black_mug_01/IMG_9160.jpg,0.11463981121778488
UNKNOWN,UNKNOWN,book_01,IMG_9179.jpg,/content/drive/MyDrive/Project_AUTO_ReID/references/book_01/IMG_9179.jpg,0.09528423845767975
UNKNOWN,UNKNOWN,white_headphone_01,IMG_9170.jpg,/content/drive/MyDrive/Project_AUTO_ReID/references/white_headphone_01/IMG_9170.jpg,0.07706789672374725
UNKNOWN,UNKNOWN,white_mug_01,IMG_9184.jpg,/content/drive/MyDrive/Project_AUTO_ReID/references/white_mug_01/IMG_9184.jpg,0.07168400287628174
UNKNOWN,UNKNOWN,book_01,IMG_9176.jpg,/content/drive/MyDrive/Project_AUTO_ReID/references/book_01/IMG_9176.jpg,0.0399068184196949
UNKNOWN,UNKNOWN,white_headphone_01,IMG_9173.jpg,/content/drive/MyDrive/Project_AUTO_ReID/references/white_headphone_01/IMG_9173.jpg,0.2486553192138672
UNKNOWN,UNKNOWN,white_headphone_01,IMG_9172.jpg,/content/drive/MyDrive/Project_AUTO_ReID/references/white_headphone_01/IMG_9172.jpg,0.24785414338111877
UNKNOWN,UNKNOWN,book_01,IMG_9178.jpg,/content/drive/MyDrive/Project_AUTO_ReID/references/book_01/IMG_9178.jpg,0.23501281440258026
UNKNOWN,UNKNOWN,black_mug_01,IMG_9161.jpg,/content/drive/MyDrive/Project_AUTO_ReID/references/black_mug_01/IMG_9161.jpg,0.21276715397834778
UNKNOWN,UNKNOWN,book_01,IMG_9177.jpg,/content/drive/MyDrive/Project_AUTO_ReID/references/book_01/IMG_9177.jpg,0.18235619366168976
UNKNOWN,UNKNOWN,white_mug_01,IMG_9185.jpg,/content/drive/MyDrive/Project_AUTO_ReID/references/white_mug_01/IMG_9185.jpg,0.16932328045368195
UNKNOWN,UNKNOWN,black_mug_01,IMG_9158.jpg,/content/drive/MyDrive/Project_AUTO_ReID/references/black_mug_01/IMG_9158.jpg,0.1326400637626648
UNKNOWN,UNKNOWN,white_mug_01,IMG_9183.jpg,/content/drive/MyDrive/Project_AUTO_ReID/references/white_mug_01/IMG_9183.jpg,0.12940219044685364
UNKNOWN,UNKNOWN,white_mug_01,IMG_9182.jpg,/content/drive/MyDrive/Project_AUTO_ReID/references/white_mug_01/IMG_9182.jpg,0.11869963258504868
UNKNOWN,UNKNOWN,white_headphone_01,IMG_9170.jpg,/content/drive/MyDrive/Project_AUTO_ReID/references/white_headphone_01/IMG_9170.jpg,0.06448668241500854
UNKNOWN,UNKNOWN,book_01,IMG_9179.jpg,/content/drive/MyDrive/Project_AUTO_ReID/references/book_01/IMG_9179.jpg,0.06123488396406174
UNKNOWN,UNKNOWN,white_mug_01,IMG_9184.jpg,/content/drive/MyDrive/Project_AUTO_ReID/references/white_mug_01/IMG_9184.jpg,0.050694774836301804
UNKNOWN,UNKNOWN,book_01,IMG_9176.jpg,/content/drive/MyDrive/Project_AUTO_ReID/references/book_01/IMG_9176.jpg,0.04719192907214165
UNKNOWN,UNKNOWN,white_headphone_01,IMG_9171.jpg,/content/drive/MyDrive/Project_AUTO_ReID/references/white_headphone_01/IMG_9171.jpg,0.04494593292474747
UNKNOWN,UNKNOWN,black_mug_01,IMG_9159.jpg,/content/drive/MyDrive/Project_AUTO_ReID/references/black_mug_01/IMG_9159.jpg,0.02510429546236992
UNKNOWN,UNKNOWN,black_mug_01,IMG_9160.jpg,/content/drive/MyDrive/Project_AUTO_ReID/references/black_mug_01/IMG_9160.jpg,-0.010875942185521126
UNKNOWN,UNKNOWN,white_headphone_01,IMG_9170.jpg,/content/drive/MyDrive/Project_AUTO_ReID/references/white_headphone_01/IMG_9170.jpg,0.4085314869880676
UNKNOWN,UNKNOWN,white_headphone_01,IMG_9171.jpg,/content/drive/MyDrive/Project_AUTO_ReID/references/white_headphone_01/IMG_9171.jpg,0.3037104904651642
UNKNOWN,UNKNOWN,white_headphone_01,IMG_9172.jpg,/content/drive/MyDrive/Project_AUTO_ReID/references/white_headphone_01/IMG_9172.jpg,0.2148333191871643
UNKNOWN,UNKNOWN,white_mug_01,IMG_9185.jpg,/content/drive/MyDrive/Project_AUTO_ReID/references/white_mug_01/IMG_9185.jpg,0.19170229136943817
UNKNOWN,UNKNOWN,white_mug_01,IMG_9182.jpg,/content/drive/MyDrive/Project_AUTO_ReID/references/white_mug_01/IMG_9182.jpg,0.18448896706104279
UNKNOWN,UNKNOWN,white_headphone_01,IMG_9173.jpg,/content/drive/MyDrive/Project_AUTO_ReID/references/white_headphone_01/IMG_9173.jpg,0.13689707219600677
UNKNOWN,UNKNOWN,black_mug_01,IMG_9158.jpg,/content/drive/MyDrive/Project_AUTO_ReID/references/black_mug_01/IMG_9158.jpg,0.1272430121898651
UNKNOWN,UNKNOWN,white_mug_01,IMG_9184.jpg,/content/drive/MyDrive/Project_AUTO_ReID/references/white_mug_01/IMG_9184.jpg,0.09567542374134064
UNKNOWN,UNKNOWN,white_mug_01,IMG_9183.jpg,/content/drive/MyDrive/Project_AUTO_ReID/references/white_mug_01/IMG_9183.jpg,0.09301313012838364
UNKNOWN,UNKNOWN,book_01,IMG_9179.jpg,/content/drive/MyDrive/Project_AUTO_ReID/references/book_01/IMG_9179.jpg,0.0717129185795784
UNKNOWN,UNKNOWN,black_mug_01,IMG_9161.jpg,/content/drive/MyDrive/Project_AUTO_ReID/references/black_mug_01/IMG_9161.jpg,0.0594797246158123
UNKNOWN,UNKNOWN,book_01,IMG_9177.jpg,/content/drive/MyDrive/Project_AUTO_ReID/references/book_01/IMG_9177.jpg,0.038367144763469696
UNKNOWN,UNKNOWN,book_01,IMG_9178.jpg,/content/drive/MyDrive/Project_AUTO_ReID/references/book_01/IMG_9178.jpg,0.03675372526049614
UNKNOWN,UNKNOWN,black_mug_01,IMG_9159.jpg,/content/drive/MyDrive/Project_AUTO_ReID/references/black_mug_01/IMG_9159.jpg,0.022395212203264236
UNKNOWN,UNKNOWN,black_mug_01,IMG_9160.jpg,/content/drive/MyDrive/Project_AUTO_ReID/references/black_mug_01/IMG_9160.jpg,0.004572137258946896
UNKNOWN,UNKNOWN,book_01,IMG_9176.jpg,/content/drive/MyDrive/Project_AUTO_ReID/references/book_01/IMG_9176.jpg,-0.03124171867966652
UNKNOWN,UNKNOWN,black_mug_01,IMG_9159.jpg,/content/drive/MyDrive/Project_AUTO_ReID/references/black_mug_01/IMG_9159.jpg,0.6889631748199463
UNKNOWN,UNKNOWN,white_mug_01,IMG_9183.jpg,/content/drive/MyDrive/Project_AUTO_ReID/references/white_mug_01/IMG_9183.jpg,0.6792919635772705
UNKNOWN,UNKNOWN,white_mug_01,IMG_9182.jpg,/content/drive/MyDrive/Project_AUTO_ReID/references/white_mug_01/IMG_9182.jpg,0.6298118233680725
UNKNOWN,UNKNOWN,white_mug_01,IMG_9185.jpg,/content/drive/MyDrive/Project_AUTO_ReID/references/white_mug_01/IMG_9185.jpg,0.6076654195785522
UNKNOWN,UNKNOWN,black_mug_01,IMG_9160.jpg,/content/drive/MyDrive/Project_AUTO_ReID/references/black_mug_01/IMG_9160.jpg,0.587832510471344
UNKNOWN,UNKNOWN,black_mug_01,IMG_9158.jpg,/content/drive/MyDrive/Project_AUTO_ReID/references/black_mug_01/IMG_9158.jpg,0.5844501256942749
UNKNOWN,UNKNOWN,white_mug_01,IMG_9184.jpg,/content/drive/MyDrive/Project_AUTO_ReID/references/white_mug_01/IMG_9184.jpg,0.4379115700721741
UNKNOWN,UNKNOWN,white_headphone_01,IMG_9172.jpg,/content/drive/MyDrive/Project_AUTO_ReID/references/white_headphone_01/IMG_9172.jpg,0.15693849325180054
UNKNOWN,UNKNOWN,white_headphone_01,IMG_9173.jpg,/content/drive/MyDrive/Project_AUTO_ReID/references/white_headphone_01/IMG_9173.jpg,0.13909313082695007
UNKNOWN,UNKNOWN,white_headphone_01,IMG_9170.jpg,/content/drive/MyDrive/Project_AUTO_ReID/references/white_headphone_01/IMG_9170.jpg,0.10977845638990402
UNKNOWN,UNKNOWN,book_01,IMG_9177.jpg,/content/drive/MyDrive/Project_AUTO_ReID/references/book_01/IMG_9177.jpg,0.10867577791213989
UNKNOWN,UNKNOWN,white_headphone_01,IMG_9171.jpg,/content/drive/MyDrive/Project_AUTO_ReID/references/white_headphone_01/IMG_9171.jpg,0.10719063878059387
UNKNOWN,UNKNOWN,book_01,IMG_9178.jpg,/content/drive/MyDrive/Project_AUTO_ReID/references/book_01/IMG_9178.jpg,0.10551883280277252
UNKNOWN,UNKNOWN,black_mug_01,IMG_9161.jpg,/content/drive/MyDrive/Project_AUTO_ReID/references/black_mug_01/IMG_9161.jpg,0.08679094910621643
UNKNOWN,UNKNOWN,book_01,IMG_9179.jpg,/content/drive/MyDrive/Project_AUTO_ReID/references/book_01/IMG_9179.jpg,0.07674654573202133
UNKNOWN,UNKNOWN,book_01,IMG_9176.jpg,/content/drive/MyDrive/Project_AUTO_ReID/references/book_01/IMG_9176.jpg,-0.0030415337532758713
UNKNOWN,UNKNOWN,white_mug_01,IMG_9183.jpg,/content/drive/MyDrive/Project_AUTO_ReID/references/white_mug_01/IMG_9183.jpg,0.8669883012771606
UNKNOWN,UNKNOWN,black_mug_01,IMG_9159.jpg,/content/drive/MyDrive/Project_AUTO_ReID/references/black_mug_01/IMG_9159.jpg,0.7909553050994873
UNKNOWN,UNKNOWN,white_mug_01,IMG_9182.jpg,/content/drive/MyDrive/Project_AUTO_ReID/references/white_mug_01/IMG_9182.jpg,0.7310112118721008
UNKNOWN,UNKNOWN,black_mug_01,IMG_9160.jpg,/content/drive/MyDrive/Project_AUTO_ReID/references/black_mug_01/IMG_9160.jpg,0.6404728293418884
UNKNOWN,UNKNOWN,white_mug_01,IMG_9185.jpg,/content/drive/MyDrive/Project_AUTO_ReID/references/white_mug_01/IMG_9185.jpg,0.606700599193573
UNKNOWN,UNKNOWN,white_mug_01,IMG_9184.jpg,/content/drive/MyDrive/Project_AUTO_ReID/references/white_mug_01/IMG_9184.jpg,0.5454832315444946
UNKNOWN,UNKNOWN,black_mug_01,IMG_9158.jpg,/content/drive/MyDrive/Project_AUTO_ReID/references/black_mug_01/IMG_9158.jpg,0.484926700592041
UNKNOWN,UNKNOWN,white_headphone_01,IMG_9172.jpg,/content/drive/MyDrive/Project_AUTO_ReID/references/white_headphone_01/IMG_9172.jpg,0.12446103245019913
UNKNOWN,UNKNOWN,book_01,IMG_9178.jpg,/content/drive/MyDrive/Project_AUTO_ReID/references/book_01/IMG_9178.jpg,0.12060219049453735
UNKNOWN,UNKNOWN,book_01,IMG_9177.jpg,/content/drive/MyDrive/Project_AUTO_ReID/references/book_01/IMG_9177.jpg,0.12020508944988251
UNKNOWN,UNKNOWN,white_headphone_01,IMG_9173.jpg,/content/drive/MyDrive/Project_AUTO_ReID/references/white_headphone_01/IMG_9173.jpg,0.09682914614677429
UNKNOWN,UNKNOWN,white_headphone_01,IMG_9170.jpg,/content/drive/MyDrive/Project_AUTO_ReID/references/white_headphone_01/IMG_9170.jpg,0.08300212770700455
UNKNOWN,UNKNOWN,white_headphone_01,IMG_9171.jpg,/content/drive/MyDrive/Project_AUTO_ReID/references/white_headphone_01/IMG_9171.jpg,0.061636172235012054
UNKNOWN,UNKNOWN,black_mug_01,IMG_9161.jpg,/content/drive/MyDrive/Project_AUTO_ReID/references/black_mug_01/IMG_9161.jpg,0.055811963975429535
UNKNOWN,UNKNOWN,book_01,IMG_9179.jpg,/content/drive/MyDrive/Project_AUTO_ReID/references/book_01/IMG_9179.jpg,0.027720164507627487
UNKNOWN,UNKNOWN,book_01,IMG_9176.jpg,/content/drive/MyDrive/Project_AUTO_ReID/references/book_01/IMG_9176.jpg,0.0072156996466219425
