query_identity,query_image,predicted_identity,matched_reference,best_similarity,second_identity,second_similarity,margin,correct
black_mug_01,black_mug_q1.jpg,black_mug_01,IMG_9159.jpg,0.5326175689697266,white_mug_01,0.44207054376602173,0.09054702520370483,True
black_mug_01,black_mug_q2.jpg,black_mug_01,IMG_9159.jpg,0.21689732372760773,white_mug_01,0.17735014855861664,0.03954717516899109,True
book_01,book_q1.jpg,book_01,IMG_9179.jpg,0.5141787528991699,white_mug_01,0.18358945846557617,0.33058929443359375,True
book_01,book_q2.jpg,book_01,IMG_9179.jpg,0.767212986946106,white_mug_01,0.2838200330734253,0.48339295387268066,True
unknown,IMG_9189.jpg,book_01,IMG_9179.jpg,0.25623661279678345,white_mug_01,0.09550806134939194,0.1607285514473915,
unknown,IMG_9190.jpg,book_01,IMG_9177.jpg,0.5184468626976013,black_mug_01,0.24355381727218628,0.27489304542541504,
white_heaphones_01,headphone_q1.jpg,white_headphone_01,IMG_9173.jpg,0.2486553192138672,book_01,0.23501281440258026,0.013642504811286926,False
white_heaphones_01,headphone_q2.jpg,white_headphone_01,IMG_9170.jpg,0.4085314869880676,white_mug_01,0.19170229136943817,0.21682919561862946,False
white_mug_01,IMG_9186.jpg,black_mug_01,IMG_9159.jpg,0.6889631748199463,white_mug_01,0.6792919635772705,0.009671211242675781,False
white_mug_01,IMG_9187.jpg,white_mug_01,IMG_9183.jpg,0.8669883012771606,black_mug_01,0.7909553050994873,0.07603299617767334,True
