timestamp,source_track_id,gallery_size,shortlisted,best_item_id,best_score,second_best_score,margin,dino_score,color_score,aspect_score,acceptance_threshold,margin_threshold,accepted
2026-09-14T04:11:43.344260+00:00,25,1,1,1,0.2964745244161802,,inf,0.13595731556415558,0.4058009251286057,0.846280561825053,0.55,0.15,False
2026-09-14T04:11:47.501984+00:00,28,1,1,1,0.263083347185859,,inf,0.07662994414567947,0.3518121153421025,0.952743069484979,0.55,0.15,False
2026-09-14T04:11:55.562341+00:00,44,1,1,1,0.19250822956572192,,inf,0.09776085615158081,0.3180762512419523,0.4356561521253594,0.55,0.15,False
2026-09-14T04:12:02.359086+00:00,59,1,1,1,0.7728219978819133,,inf,0.8199388384819031,0.5089812049598722,0.9204367458446786,0.55,0.15,True
2026-09-14T04:12:10.546000+00:00,62,1,1,1,0.2649811710973283,,inf,0.14939053356647491,0.34037468449988534,0.6653492491942837,0.55,0.15,False
2026-09-14T04:12:14.490556+00:00,65,1,1,1,0.3359062988042696,,inf,0.2235121726989746,0.3448346348374101,0.8110430638830272,0.55,0.15,False
2026-09-14T04:12:25.456505+00:00,98,1,1,1,0.1726608538973645,,inf,0.1271493285894394,0.289600197823836,0.21395833832974462,0.55,0.15,False
2026-09-16T04:47:35.138093+00:00,1,1,1,1,0.23616443510303356,,inf,0.03745649382472038,0.3235543918285935,0.9807122383416441,0.55,0.15,False
2026-09-16T04:47:39.799853+00:00,4,1,1,1,0.2293253464777309,,inf,0.147439107298851,0.14433972424472866,0.6974798792302135,0.55,0.15,False
2026-09-16T04:47:44.293502+00:00,2,1,1,1,0.17850754286621442,,inf,0.07880555838346481,0.11082907510086464,0.7007874326452624,0.55,0.15,False
2026-09-16T04:47:48.449114+00:00,22,2,2,2,0.28061302763579143,0.17002044614358192,0.11059258149220952,0.11934598535299301,0.4997671689119346,0.6872313558263934,0.55,0.15,False
2026-09-16T04:47:52.481541+00:00,28,2,2,2,0.27465608427042376,0.17173598502590703,0.10292009924451673,0.12856754660606384,0.45671927050702654,0.6649554991671798,0.55,0.15,False
2026-09-16T04:48:06.915070+00:00,37,3,3,3,0.8821869488404255,0.3134660506256029,0.5687208982148226,0.8923941254615784,0.7764748439172915,0.9789053233796084,0.55,0.15,True
2026-09-16T04:48:27.912146+00:00,43,3,3,3,0.8741970044977116,0.2898882910191557,0.584308713478556,0.8669435381889343,0.811830316949956,0.9887842752327548,0.55,0.15,True
2026-09-16T04:48:35.767616+00:00,50,3,3,1,0.23536475649737904,0.23104844520138884,0.004316311295990194,0.13220177590847015,0.18278733511200373,0.7525075675631513,0.55,0.15,False
2026-09-16T04:48:51.436227+00:00,83,4,3,1,0.3910069864613214,0.30597602232658283,0.0850309641347386,0.27954891324043274,0.3708563202685095,0.9008595253422551,0.55,0.15,False
2026-09-17T08:15:12.219737+00:00,1,4,3,4,0.22130564171406358,0.17015605215794077,0.05114958955612281,0.1004776805639267,0.052231776871438096,0.970325293154824,0.55,0.15,False
2026-09-17T08:15:17.084622+00:00,9,4,3,3,0.4799380459883962,0.2280438650738773,0.2518941809145189,0.4827030599117279,0.11801654534166077,0.9505183198496057,0.55,0.15,False
2026-09-17T08:15:21.182107+00:00,15,4,3,3,0.40234317271899445,0.30118995898743006,0.10115321373156438,0.3460111618041992,0.13880449418322505,0.9978334580641334,0.55,0.15,False
2026-09-17T08:15:25.276730+00:00,7,4,3,3,0.32589790669912383,0.24966223528645123,0.0762356714126726,0.3261427879333496,0.010076123330341616,0.7459324658425217,0.55,0.15,False
2026-09-17T08:15:29.239464+00:00,17,4,3,3,0.3538793936007834,0.1874572221667662,0.16642217143401722,0.4606477916240692,0.09939085455178176,0.23053438756521358,0.55,0.15,False
2026-09-17T08:16:05.709003+00:00,106,8,3,7,0.6218088231065928,0.32871640162298443,0.29309242148360837,0.5515526533126831,0.7291013333373405,0.7831955452392043,0.55,0.15,True
2026-09-17T08:16:09.740558+00:00,185,8,3,6,0.6177553050735904,0.31181757059091264,0.3059377344826778,0.6841867566108704,0.7512449220215851,0.1518995258147178,0.55,0.15,True
2026-09-20T12:59:54.694209+00:00,7,8,3,5,0.5819917475065575,0.44545927844588085,0.13653246906067662,0.5128175616264343,0.5186834082608013,0.9661576719814325,0.55,0.15,False
2026-09-20T13:00:09.936059+00:00,16,8,3,5,0.48782325838623986,0.40883878997422984,0.07898446841201001,0.33907783031463623,0.5895988759037735,0.996685956673144,0.55,0.15,False
2026-09-20T13:01:07.792014+00:00,56,9,3,7,0.5473329039838546,0.33815315939557067,0.20917974458828392,0.49958693981170654,0.5464917606755441,0.7553536064742438,0.55,0.15,False
2026-09-20T13:01:40.798601+00:00,56,9,3,7,0.5263265250619455,0.3084233255829655,0.21790319947898007,0.470069020986557,0.546743672883376,0.7428861789600555,0.55,0.15,False
2026-09-20T13:03:14.934245+00:00,129,10,3,9,0.4044232795507661,0.3668196171236742,0.0376036624270919,0.4430069923400879,0.456219064227696,0.1681661445611317,0.55,0.15,False
2026-09-20T13:03:18.984004+00:00,161,10,3,5,0.8776913290902982,0.5571044839333912,0.32058684515690705,0.9015548825263977,0.7526016726408503,0.9410688061331313,0.55,0.15,True
2026-09-20T13:03:53.993993+00:00,270,10,3,9,0.7625491683701497,0.5521024510602693,0.2104467173098804,0.7236543297767639,0.7224088021003551,0.9846139573012148,0.55,0.15,True
2026-09-20T13:05:16.864958+00:00,289,10,3,5,0.7446362818486674,0.523131653122277,0.22150462872639032,0.8051691651344299,0.4886435824025443,0.8236507202051939,0.55,0.15,True
2026-09-20T13:05:20.654140+00:00,1,10,3,1,0.5372435605464054,0.36265050494701495,0.17459305559939048,0.5566579699516296,0.22532332268751856,0.8690081036022833,0.55,0.15,False
2026-09-22T12:28:49.761895+00:00,1,10,3,5,0.815163681658245,0.5881050543489296,0.22705862730931547,0.8550370335578918,0.5803901161931201,0.9554105773799417,0.55,0.15,True
2026-09-22T12:28:53.956410+00:00,2,10,3,8,0.33707811541576627,0.2418646513031825,0.09521346411258377,0.3159375488758087,0.37203775071055906,0.3820743900291918,0.55,0.15,False
2026-09-22T12:28:57.990297+00:00,5,10,3,3,0.6115105430779999,0.44649218915024963,0.16501835392775027,0.6992847919464111,0.08978786652040156,0.9267857000583491,0.55,0.15,True
2026-09-22T12:29:02.019791+00:00,28,10,3,10,0.5469524149646448,0.3705902413229657,0.17636217364167905,0.5405551195144653,0.25819066700971727,0.9596896925219927,0.55,0.15,False
2026-09-22T12:29:15.581255+00:00,115,11,3,7,0.5754843588416142,0.4751607681869563,0.1003235906546579,0.5489400625228882,0.4550068543662669,0.8511463155232234,0.55,0.15,False
2026-09-22T12:29:33.488806+00:00,123,11,3,10,0.5237675836450073,0.5024157481621228,0.02135183548288455,0.42105937004089355,0.5390277056525581,0.9484896799194324,0.55,0.15,False
2026-09-22T12:29:37.452666+00:00,134,11,3,9,0.5946667606676309,0.3796381876012802,0.2150285730663507,0.5706040263175964,0.715959859865853,0.5372144772534839,0.55,0.15,True
2026-09-22T12:29:41.066756+00:00,8,11,3,10,0.6098415037220963,0.5804110855842429,0.02943041813785341,0.5181223154067993,0.7666456106592034,0.7982191771722408,0.55,0.15,False
2026-09-22T12:29:45.578550+00:00,139,12,3,9,0.6723026270098782,0.47613982835044677,0.19616279865943143,0.6045369505882263,0.6973146464754821,0.9326045322162306,0.55,0.15,True
2026-09-22T12:29:55.767261+00:00,146,12,3,9,0.6654922140795442,0.45613394817631986,0.20935826590322432,0.6665762066841125,0.679318795828293,0.6423594704614165,0.55,0.15,True
2026-09-22T12:30:29.066802+00:00,151,12,3,9,0.6555646208329726,0.48253803496510494,0.17302658586786768,0.5971015691757202,0.6502705929549184,0.915963215185139,0.55,0.15,True
2026-09-22T12:30:32.955203+00:00,189,13,3,6,0.49540206510207535,0.4639929562748907,0.03140910882718467,0.5542020797729492,0.31928884607504876,0.4754196268976573,0.55,0.15,False
2026-09-22T12:30:36.538736+00:00,221,13,3,9,0.7577738931355851,0.6204277580337443,0.1373461351018408,0.7214948534965515,0.7354695254675826,0.9447222217954002,0.55,0.15,False
2026-09-22T12:30:51.558735+00:00,272,15,3,11,0.6467901489601674,0.3025477136357861,0.3442424353243813,0.6472026705741882,0.5674721391113128,0.7507599017645495,0.55,0.15,True
2026-09-22T12:30:55.686426+00:00,286,15,3,9,0.6776051514670682,0.5660186203029806,0.11158653116408768,0.5978243947029114,0.7171687051228554,0.9705703592373656,0.55,0.15,False
2026-09-22T12:31:04.927736+00:00,282,16,3,1,0.32170887557635175,0.2905678601433291,0.031141015433022667,0.2424948662519455,0.19793717206750272,0.8299985206605777,0.55,0.15,False
2026-09-22T12:31:28.168867+00:00,352,17,3,3,0.6136668172694475,0.5995461227823629,0.01412069448708464,0.6444961428642273,0.25632179502179414,0.9565331026889395,0.55,0.15,False
2026-09-22T12:31:38.341309+00:00,381,17,3,14,0.39164328776467444,0.37658062335867154,0.015062664406002901,0.45956405997276306,0.17590668951469238,0.38496873919626634,0.55,0.15,False
2026-09-22T12:31:47.842051+00:00,412,17,3,6,0.5410793488271961,0.45232096224197865,0.08875838658521745,0.5602173209190369,0.46783718952890213,0.555804348826945,0.55,0.15,False
2026-09-22T12:32:16.808606+00:00,434,18,3,14,0.4734615632941075,0.40113285809494986,0.07232870519915763,0.39190831780433655,0.35353216109582153,0.9867648300141624,0.55,0.15,False
2026-09-22T12:32:22.669904+00:00,435,18,3,8,0.5322439064969423,0.48186266861639826,0.05038123788054405,0.4573703706264496,0.4262576032107857,0.9980109663172861,0.55,0.15,False
2026-09-22T12:32:26.221625+00:00,446,18,3,11,0.35382009003926385,0.3382614697043964,0.015558620334867435,0.4298190176486969,0.37218864283805425,2.0353709169906508e-40,0.55,0.15,False
2026-09-22T12:32:38.558583+00:00,479,20,3,17,0.6078424421595426,0.5842855599091711,0.023556882250371558,0.5277937054634094,0.5794607296846112,0.992562584476028,0.55,0.15,False
2026-09-22T12:33:07.012455+00:00,493,21,3,17,0.6350451138240472,0.4732698228229651,0.16177529100108207,0.5762278437614441,0.5533449403956933,0.9988535153331317,0.55,0.15,True
2026-09-22T13:21:22.364588+00:00,25,2,2,1,0.19108576911664377,0.11605425110915756,0.07503151800748621,0.14281117916107178,0.2679448071106716,0.2977969415987519,0.55,0.15,False
2026-09-22T13:21:26.140813+00:00,37,2,2,1,0.4555869213157031,0.14657024702222832,0.3090166742934748,0.31847628951072693,0.6816194723884678,0.7483562577069136,0.55,0.15,False
2026-09-22T13:21:30.260414+00:00,40,2,2,1,0.21692025306856116,0.09443784518695574,0.12248240788160543,0.15869766473770142,0.3201556927374404,0.3315708829437809,0.55,0.15,False
2026-09-22T13:21:34.576894+00:00,86,4,3,2,0.718053571886359,0.23814738011906494,0.47990619176729404,0.7679834365844727,0.6998819817293045,0.5259196117372722,0.55,0.15,True
2026-09-22T13:21:45.020937+00:00,132,4,3,4,0.5651591779060869,0.2590325641854394,0.30612661372064753,0.4470839202404022,0.6924862337751383,0.9070492199653188,0.55,0.15,True
2026-09-23T04:31:08.231146+00:00,1,4,3,2,0.2286610517255711,0.2188455972611248,0.009815454464446316,0.26372823119163513,0.2593797860152833,0.0357449616530107,0.55,0.15,False
2026-09-23T04:31:23.480900+00:00,2,5,3,2,0.3916714749579131,0.3740496820888869,0.01762179286902621,0.466886043548584,0.43529241554041054,0.007580423621675828,0.55,0.15,False
2026-09-23T04:32:09.184308+00:00,174,5,3,5,0.4156906275270522,0.3377903543652956,0.07790027316175663,0.4158191978931427,0.12174777402111159,0.8070572939485811,0.55,0.15,False
2026-09-23T04:33:27.682463+00:00,390,6,3,5,0.6983698334754583,0.31303862682156985,0.3853312066538885,0.7031498551368713,0.7574835105570635,0.5988381701671955,0.55,0.15,True
2026-09-23T04:34:38.781610+00:00,629,6,3,5,0.7981057280403354,0.31944622695560826,0.47865950108472716,0.7593410611152649,0.8031380997137111,0.9593761224844738,0.55,0.15,True
2026-09-23T04:34:42.586792+00:00,282,6,3,6,0.413899536787784,0.3796413254677319,0.034258211320052134,0.3467450737953186,0.3502906245687025,0.7897140927139094,0.55,0.15,False
